"individuo","P_pareto","contagem","familia","cruzamento","IR_comercial","IR_res_sc","IR_final","P_severo_media","var_pred_medio"
"97",0.304,152,1,"293 x 355",0.565013716916111,0.428129453556513,1.2162366636648,0.0480437877668558,55.8120524897411
"9",0.248,124,1,"293 x 355",0.510934084014439,0.928304329650846,1.24441064389637,0.0480437877668558,57.3345059198762
"131",0.238,119,1,"293 x 355",0.414682688197661,0.928304329650846,1.23288931603143,0.0480437877668558,54.1068456578285
"223",0.208,104,1,"293 x 355",0.39898341969681,-0.105575651981699,0.798380059370141,0.0480437877668558,54.3025520453996
"2",0.202,101,1,"293 x 355",0.515819292775716,0.928304329650846,1.26668971850973,0.0480437877668558,56.6261103566288
"83",0.202,101,1,"293 x 355",0.359168648759754,0.928304329650846,0.997057871042527,0.0480437877668558,57.498736479589
