"modelo","DIC","dDIC"
"M_diag",5765.55546904768,190.360703497039
"M_us",5575.19476555064,0
"M_us_aacpd",5580.80747175308,5.61270620243704
